Workbook
Name aporte: Planilha1!$E$15
Name patrimonio: Planilha1!$E$18
Name qtd_anos: Planilha1!$E$16
Name rendimento_carteira: Planilha1!$E$11
Name salario: Planilha1!$E$10
Name sugestao_investimento: Planilha1!$E$12
Name taxa_mensal: Planilha1!$E$17

Sheet Planilha1
C9: Configurações
C10: Salário | E10: 4200
C11: Rendimento da Carteira | E11: 0.006
C12: Sugestão de investimento (30%) | E12: =salario*30% -> 1260
C14: Investimento mensal
C15: Quanto investir por mês? | E15: 1260
C16: Por quantos anos? | E16: 10
C17: Taxa de rendimento mensal? | E17: 0.01079
C18: Património acumulado? | E18: =FV(taxa_mensal,qtd_anos*12,aporte*-1) -> 306538.11
C19: Dividendo mensal? | E19: =patrimonio*rendimento_carteira -> 1839.2286
C21: Cenários | E21: Dividendos
B22: 2 | C22: Quanto em 2 anos? | D22: =FV($E$17,$B22*12,$E$15*-1) -> 34306.81 | E22: =D22*rendimento_carteira -> 205.84086
B23: 5 | C23: Quanto em 5 anos? | D23: =FV($E$17,$B23*12,$E$15*-1) -> 105558.91 | E23: =D23*rendimento_carteira -> 633.35347
B24: 10 | C24: Quanto em 10 anos? | D24: =FV($E$17,$B24*12,$E$15*-1) -> 306538.11 | E24: =D24*rendimento_carteira -> 1839.2286
B25: 20 | C25: Quanto em 20 anos? | D25: =FV($E$17,$B25*12,$E$15*-1) -> 1417750 | E25: =D25*rendimento_carteira -> 8506.4999
B26: 30 | C26: Quanto em 30 anos? | D26: =FV($E$17,$B26*12,$E$15*-1) -> 5445933.8 | E26: =D26*rendimento_carteira -> 32675.603
C29: PERFIL | D29: Moderado
C30: VALOR A SER INVESTIDO POR MÊS | D30: =aporte -> 1260
C32: TIPOS DE FII | D32: Percentual Sugerido | E32: Valores
C33: PAPEL | D33: =VLOOKUP($D$29&"-"&C33,Planilha2!$A$3:$D$21,4,FALSE) -> 0.32 | E33: =D33*$D$30 -> 403.2
C34: TIJOLO | D34: =VLOOKUP($D$29&"-"&C34,Planilha2!$A$3:$D$21,4,FALSE) -> 0.4 | E34: =D34*$D$30 -> 504
C35: HÍBRIDOS | D35: =VLOOKUP($D$29&"-"&C35,Planilha2!$A$3:$D$21,4,FALSE) -> 0.07 | E35: =D35*$D$30 -> 88.2
C36: FOFs | D36: =VLOOKUP($D$29&"-"&C36,Planilha2!$A$3:$D$21,4,FALSE) -> 0.07 | E36: =D36*$D$30 -> 88.2
C37: DESENVOLVIMENTO | D37: =VLOOKUP($D$29&"-"&C37,Planilha2!$A$3:$D$21,4,FALSE) -> 0.07 | E37: =D37*$D$30 -> 88.2
C38: HOTELARIA | D38: =VLOOKUP($D$29&"-"&C38,Planilha2!$A$3:$D$21,4,FALSE) -> 0.07 | E38: =D38*$D$30 -> 88.2
C39: TOTAL | E39: =SUM(E33:E38) -> 1260

Sheet Planilha2
A3: Chave | B3: Perfil | C3: TIPOS DE FII | D3: %
A4: =B4&"-"&C4 -> Conservado-PAPEL | B4: Conservado | C4: PAPEL | D4: 0.3
A5: =B5&"-"&C5 -> Conservado-TIJOLO | B5: Conservado | C5: TIJOLO | D5: 0.5 | H5: %
A6: =B6&"-"&C6 -> Conservado-HÍBRIDOS | B6: Conservado | C6: HÍBRIDOS | D6: 0.1 | G6: Moderado-TIJOLO | H6: =VLOOKUP(G6,A4:$D$21,4,) -> 0.4
A7: =B7&"-"&C7 -> Conservado-FOFs | B7: Conservado | C7: FOFs | D7: 0.1
A8: =B8&"-"&C8 -> Conservado-DESENVOLVIMENTO | B8: Conservado | C8: DESENVOLVIMENTO | D8: 0
A9: =B9&"-"&C9 -> Conservado-HOTELARIA | B9: Conservado | C9: HOTELARIA | D9: 0
A10: =B10&"-"&C10 -> Moderado-PAPEL | B10: Moderado | C10: PAPEL | D10: 0.32
A11: =B11&"-"&C11 -> Moderado-TIJOLO | B11: Moderado | C11: TIJOLO | D11: 0.4
A12: =B12&"-"&C12 -> Moderado-HÍBRIDOS | B12: Moderado | C12: HÍBRIDOS | D12: 0.07
A13: =B13&"-"&C13 -> Moderado-FOFs | B13: Moderado | C13: FOFs | D13: 0.07
A14: =B14&"-"&C14 -> Moderado-DESENVOLVIMENTO | B14: Moderado | C14: DESENVOLVIMENTO | D14: 0.07
A15: =B15&"-"&C15 -> Moderado-HOTELARIA | B15: Moderado | C15: HOTELARIA | D15: 0.07
A16: =B16&"-"&C16 -> Agressivo-PAPEL | B16: Agressivo | C16: PAPEL | D16: 0.5
A17: =B17&"-"&C17 -> Agressivo-TIJOLO | B17: Agressivo | C17: TIJOLO | D17: 0.1
A18: =B18&"-"&C18 -> Agressivo-HÍBRIDOS | B18: Agressivo | C18: HÍBRIDOS | D18: 0.05
... A21: =B21&"-"&C21 -> Agressivo-HOTELARIA | B21: Agressivo | C21: HOTELARIA | D21: 0.1
